paper_id,arxiv_id,title,year,venue_short,categories,status,n_examples,source_chars,classes_used,problems_used,hypotheses_used
doi:10.1007/978-3-540-73420-8_12,0706.3265,Unbounded-error One-way Classical and Quantum Communication Complexity,2007,,communication-complexity; quantum-complexity,ok,16,43485,IP:3,Equality:1; Index:3; Inner Product:2; Set Disjointness:2,
doi:10.1109/ccc.2009.33,0808.2662,Multitask Efficiencies in the Decision Tree Model,2008,,communication-complexity; query-complexity,ok,12,64150,DEPTH:1,Hitting Set:21; PIT:1; Search/Grover:1,
doi:10.1109/focs.2009.55,0904.2759,Span Programs and Quantum Query Complexity: The General Adversary Bound Is Nearly Tight for Every Boolean Function,2009,,quantum-complexity; query-complexity,ok,78,242181,E:2; SIZE:5; W1:8; W2:6,Collision/Element Distinctness:3; Majority:4; Matrix Multiplication:1; Parity:1; Search/Grover:1,
doi:10.1007/978-3-642-14165-2_4,0910.5765,The positive semidefinite Grothendieck problem with rank constraint,2009,,hardness-of-approximation,ok,4,34561,E:7; NP:8,Unique Games:6; Vertex Cover:4,Unique Games Conjecture:12
arxiv:1004.0411,1004.0411,Quantum interactive proofs with short messages,2010,,interactive-proofs; quantum-complexity,ok,5,58286,ACC:7; AM:2; BPP:2; BQP:34; E:3; IP:2; L:11; P:1; PH:1; PSPACE:6; QAM:6; QIP:17; QMA:29; QSZK:2,,
arxiv:1005.0644,1005.0644,Improved Direct Product Theorems for Randomized Query Complexity,2010,,communication-complexity; query-complexity,ok,30,121487,BPP:1; E:39; P:11; SIZE:11,Majority:1; Parity:1; Sensitivity/Block Sensitivity:1; Set Disjointness:1,
arxiv:1009.5104,1009.5104,The Equivalence of Sampling and Searching,2010,,meta-complexity; structural,ok,19,60205,BPP:19; BPP^NP:4; BPTIME:6; BQP:14; CH:1; EXP:2; FBPP:47; FBPP^PH:1; NP:15; NTIME:2; P:7; PH:9; PPAD:2; SampBPP:3; SampBQP:49; promiseBPP:5; sharpP:10,Kolmogorov Complexity:29; Nash Equilibrium:3; Permanent:2,PH does not collapse:1
doi:10.1007/s00037-013-0065-9,1011.2787,Parallel approximation of min-max problems,2010,,interactive-proofs; quantum-complexity,ok,14,109069,EXP:9; IP:11; L:2; NC:24; P:137; PSPACE:66; QIP:35; XP:3,Majority:2; Matrix Multiplication:3,
arxiv:1102.2280,1102.2280,On Oblivious PTAS's for Nash Equilibrium,2011,,total-search,ok,30,131090,E:93; P:78; PPAD:7; PTAS:68,Max-Flow:3; Nash Equilibrium:96,
doi:10.4086/toc.2013.v009a006,1110.1821,"The complexity of the fermionant, and immanants of constant width",2011,,structural,ok,5,23286,BPP:4; E:2; NP:15; P:11; PH:2; PP:1; RP:12; sharpP:23,3SAT:1; Determinant:4; Hamiltonian Path/Cycle:2; Parity:6; Permanent:3,
doi:10.1109/focs.2012.68,1204.1505,Lower bounds on information complexity via zero-communication protocols and applications,2012,,communication-complexity; quantum-complexity,ok,22,77612,ACC:1; E:4,Gap-Hamming:7,
doi:10.1145/2213977.2214006,1205.4484,"Hypercontractivity, Sum-of-Squares Proofs, and their Applications",2012,,hardness-of-approximation; proof-complexity,ok,60,236532,AM:1; E:568; EXP:1; FP:1; NP:18; P:59; PTAS:2; XP:1,3SAT:9; Error-Correcting Code:1; Knapsack:2; Majority:2; SAT:1; Unique Games:75; Vertex Expansion/SSE:55,ETH:6; Unique Games Conjecture:26
doi:10.1137/1.9781611973105.13,1207.0904,The complexity of detecting taut angle structures on triangulations,2012,,parameterized,ok,13,77923,EXP:1; NP:38; QP:6; UP:2; coNP:1,3SAT:1; CSP:1; SAT:10,
doi:10.1137/140971944,1210.1290,Stronger Methods of Making Quantum Interactive Proofs Perfectly Complete,2012,,interactive-proofs; quantum-complexity,ok,35,196121,ACC:23; BPP:2; EXP:1; MA:11; NP:9; P:37; PCP:2; PH:4; PP:8; PSPACE:8; QCMA:6; QIP:134; QMA:217; QMA1:18; W1:4; W2:4,3SAT:1; Local Hamiltonian:1; SAT:1,
doi:10.1109/ccc.2013.24,1211.6120,Two-message quantum interactive proofs and the quantum separability problem,2012,,interactive-proofs; quantum-complexity,ok,17,119012,BQP:4; E:20; NP:32; PH:1; PSPACE:2; QIP:128; QMA:13; QSZK:49,,
doi:10.1137/140957299,1308.0776,Dynamic Approximate All-Pairs Shortest Paths: Breaking the O(mn) Barrier and Derandomization,2013,,derandomization; fine-grained,ok,62,276367,,APSP:76; Matrix Multiplication:6,
doi:10.4086/toc.2015.v011a003,1308.5788,Quantum interactive proofs and the complexity of separability testing,2013,,interactive-proofs; proof-complexity; quantum-complexity,ok,28,123799,BQP:53; E:14; IP:2; NEXP:1; NL:1; NP:11; P:1; PH:1; PSPACE:16; QIP:41; QMA:147; QSZK:62,Local Hamiltonian:1; Majority:3; SAT:4,
doi:10.2168/lmcs-10(3:5)2014,1406.7658,Reductions to the set of random strings: The resource-bounded case,2014,,meta-complexity,ok,21,70228,BPP:36; DTIME:1; EXP:2; NEXP:2; NP:4; P:14; PSPACE:65; Ppoly:21,Kolmogorov Complexity:22,
"doi:10.4086/toc.2020.v016a016,",1411.7747,A Characterization of hard-to-cover CSPs,2014,,hardness-of-approximation,ok,31,106455,DTIME:8; E:299; NP:45; P:13; PCP:1,3SAT:4; CSP:64; Graph Coloring:3; Independent Set:17; Label Cover:4; Parity:5; SAT:3; Unique Games:6,ETH:2; P != NP:2; Unique Games Conjecture:11
doi:10.4086/toc.2017.v013a015,1412.4413,Tight Hardness of the Non-commutative Grothendieck Problem,2014,,hardness-of-approximation,ok,24,73306,E:31; NC:8; NP:56,Label Cover:9; Majority:1; Matrix Multiplication:1; Max-Cut:2; Pigeonhole:1; Unique Games:3,Unique Games Conjecture:2
doi:10.1109/focs.2015.67,1504.03398,An Average-Case Depth Hierarchy Theorem for Boolean Circuits,2015,,circuit-complexity; structural,ok,68,203845,AC0:24; E:2; NP:2; P:12; PH:17; PSPACE:16; P^NP:1; PiP:1; SigmaP:2; coNP:1,Majority:1; Parity:22,PH does not collapse:7; Random Oracle / Relativization:9
doi:10.4086/toc.2018.v014a011,1509.09180,How to Verify a Quantum Computation,2015,,interactive-proofs; quantum-complexity,ok,14,126870,P:22,Quantum Circuit Sampling:1,
doi:10.1109/focs.2017.46,1510.02082,Local Hamiltonians Whose Ground States are Hard to Approximate,2015,,quantum-complexity,ok,57,145134,DTIME:1; E:6; NP:4; PCP:5; QMA:1; QNC:34,Error-Correcting Code:6; Local Hamiltonian:15; Parity:6,
arxiv:1602.03332,1602.03332,"Polynomial Depth, Highness and Lowness for E",2016,,meta-complexity,ok,21,53075,AM:3; DTIME:8; E:51; EXP:49; E^E:2; MA:8; NP:40; P:12; RP:1; UP:10,Kolmogorov Complexity:15,P != NP:5
doi:10.1109/focs.2016.13,1604.02804,Zero-knowledge proof systems for QMA,2016,,interactive-proofs; quantum-complexity,ok,10,161391,IP:8; L:13; MA:2; NP:44; P:2; PP:1; QMA:119; QMA1:1,Error-Correcting Code:3; Graph Isomorphism:1; Local Hamiltonian:15; Parity:3,
doi:10.1109/focs.2016.66,1605.01142,Separations in communication complexity using cheat sheets and information complexity,2016,,communication-complexity; query-complexity,ok,62,141038,E:41; IP:52; P:4,Equality:2; Forrelation:1; Inner Product:2; Majority:4; Search/Grover:1; Set Disjointness:12; Simon/Bernstein-Vazirani:1,
doi:10.4230/lipics.itcs.2017.37,1610.08349,Multiplayer parallel repetition for expander games,2016,,hardness-of-approximation,ok,15,57823,E:14; P:138; W1:1,,
doi:10.1145/3055399.3055401,1611.08946,Exponential Separation of Quantum Communication and Classical Information,2016,,communication-complexity; quantum-complexity,ok,42,113281,ACC:2,Index:3; Pointer Chasing:5; Set Disjointness:1,
arxiv:1701.05328,1701.05328,Succinct Hitting Sets and Barriers to Proving Algebraic Circuits Lower Bounds,2017,,algebraic-complexity; circuit-complexity; derandomization; meta-complexity,ok,57,134865,E:3; EXP:2; NEXP:1; P:18; PH:1; VNP:1,Determinant:9; Hitting Set:54; Matrix Multiplication:1; Nisan-Wigderson:3; PIT:12; Parity:1; SAT:1,One-Way Functions Exist:1; P != NP:3; Permanent vs Determinant:1
arxiv:1704.03928,1704.03928,On the Quantitative Hardness of CVP,2017,,fine-grained,ok,45,134927,E:12; EXP:1; L:28; NP:13; P:2; PSPACE:1; SIZE:2; coNP:3; sharpP:12,3SAT:1; Determinant:6; Hitting Set:2; MAX-SAT:4; Matrix Multiplication:1; Max-Cut:4; SAT:6; SVP/CVP:174,ETH:31; Rich Verifier / Gap-ETH:9; SETH:38
doi:10.1109/focs.2017.12,1706.06407,Distributed PCP Theorems for Hardness of Approximation in P,2017,,fine-grained; hardness-of-approximation; interactive-proofs; query-complexity,ok,12,81412,EXP:1; IP:18; L:20; PCP:73,3SAT:3; Edit Distance:7; Error-Correcting Code:1; Graph Coloring:1; LCS:47; Label Cover:2; Learning Parity with Noise:1; Parity:1; SAT:1; Search/Grover:1; Set Disjointness:13,ETH:4; SETH:53
arxiv:1708.03486,1708.03486,On the Approximation Method and the P versus NP Problem,2017,,meta-complexity,ok,6,100056,EXP:1; NP:43; P:13,Clique:1; Matching:1; Matrix Multiplication:7; Sunflower:16,P != NP:11
doi:10.1145/3188745.3188784,1710.09079,The Polynomial Method Strikes Back: Tight Quantum Query Bounds via Dual Polynomials,2017,,quantum-complexity; query-complexity,ok,75,197140,AC0:1; E:12; EXP:1; P:44,Collision/Element Distinctness:4; Majority:2; Search/Grover:1,
doi:10.4230/lipics.itcs.2018.24,1711.08039,"Alternating minimization, scaling algorithms, and the null-cone problem from invariant theory",2017,,algebraic-complexity,ok,44,171430,AM:3; EXP:9; FPTAS:8; NP:7; SL:175; VNP:1; VP:1; coNP:2,Determinant:9; Graph Isomorphism:1; Matching:1; Max-Flow:1; Permanent:1; Word Problem:2,Permanent vs Determinant:2
doi:10.1145/3188745.3188840,1712.00942,(Gap/S)ETH Hardness of SVP,2017,,fine-grained,ok,38,120314,E:6; EXP:1; L:222; NP:10; P:20; PH:1; coNP:1,SAT:12; SVP/CVP:151; Set Cover:7,ETH:36; Rich Verifier / Gap-ETH:27; SETH:17
doi:10.1109/focs.2018.00075,1801.03821,"Low-degree testing for quantum states, and a quantum entangled games PCP for QMA",2018,,quantum-complexity,ok,53,220506,BQP:1; E:91; EXP:1; L:3; MIP:16; MIPstar:11; NEXP:2; NP:7; P:10; PCP:26; QMA:58; QMA1:1; QP:4; W1:6; W2:3,CSP:6; Error-Correcting Code:16; Local Hamiltonian:20; Parity:1,
doi:10.1007/s00037-022-00231-8,1805.11139,Quantum generalizations of the polynomial hierarchy with applications to QMA(2),2018,,quantum-complexity; structural,ok,41,108599,BPP:21; BQP:127; CH:1; EXP:22; L:2; MA:28; NEXP:53; NEXP^NEXP^NEXP:1; NP:90; NP^BQP:1; NP^NP:2; NP^PP:2; P:59; PH:71; PP:125; PPP:22; PPP^PP:4; PSPACE:11; P^BQP:3; P^QMA:1; Ppoly:10; QCMA:152; QCMA^QCMA^QCMA:1; QCPH:87; QIP:8; QMA:125; QMA^QMA^QMA:1; coNP:3; sharpP:6,Local Hamiltonian:1; Majority:1; Parity:1; SAT:4,PH does not collapse:4; Random Oracle / Relativization:1
doi:10.4086/toc.2017.v013a006,1806.06097,Arithmetic Circuits with Locally Low Algebraic Rank,2018,,algebraic-complexity; circuit-complexity,ok,31,92847,NP:1; SIZE:1; VNP:4; VP:4; sharpP:1,Determinant:1; Hitting Set:8; Matrix Multiplication:1; Nisan-Wigderson:2; PIT:28,Cryptographic Assumptions:1
doi:10.4086/toc.2023.v019a012,1807.06323,Near-Optimal Bootstrapping of Hitting Sets for Algebraic Models,2018,,algebraic-complexity; circuit-complexity; derandomization,ok,19,93095,E:1; IP:2; PSPACE:2; SIZE:1; TC0:1; VNP:4,Hitting Set:102; PIT:29; Permanent:5,Cryptographic Assumptions:2
doi:10.1109/focs.2019.00063,1811.10525,Quantum Log-Approximate-Rank Conjecture is also False,2018,,communication-complexity; quantum-complexity,ok,44,67800,E:40; L:5,Equality:4,
doi:10.4086/toc.2021.v017a002,1812.06952,Barriers for fast matrix multiplication from irreversibility,2018,,algebraic-complexity,ok,26,99526,P:9; W1:2; W2:3,Matrix Multiplication:37,
arxiv:1812.09120,1812.09120,Lower bounds for text indexing with mismatches and differences,2018,,fine-grained,ok,37,99682,EXP:1; PCP:2,Edit Distance:60; Index:1; SAT:1,ETH:3; SETH:19
doi:10.4230/lipics.ccc.2019.20,1902.07699,"Universality of EPR pairs in Entanglement-Assisted Communication Complexity, and the Communication Cost of State Conversion",2019,,communication-complexity; quantum-complexity,ok,29,107448,P:57,,
doi:10.4230/lipics.ccc.2020.7,1904.08914,Quantum Lower Bounds for Approximate Counting via Laurent Polynomials,2019,,counting-complexity; quantum-complexity; query-complexity; structural,ok,32,166693,AM:12; BQP:2; E:44; L:2; MA:11; NP:6; PP:8; PostBQP:1; QMA:136; SZK:8,CSP:1; Collision/Element Distinctness:1; Search/Grover:6,
doi:10.1145/3357713.3384342,1907.08355,Data Structures Meet Cryptography: 3SUM with Preprocessing,2019,,average-case; fine-grained,ok,32,110713,DTIME:4; E:6; P:1,3SUM:106; APSP:1; SAT:1; Set Disjointness:1,One-Way Functions Exist:1
doi:10.1137/1.9781611976465.45,1907.12119,A Fast Minimum Degree Algorithm and Matching Lower Bound,2019,,fine-grained,ok,25,60427,EXP:1; L:4; NP:2; P:5,Independent Set:1; Orthogonal Vectors:6,ETH:6; SETH:18
doi:10.1145/3570637,1909.10303,On the Need for Large Quantum Depth,2019,,quantum-complexity; structural,ok,54,121108,BPP:37; BPP^QNC:1; BQP:22; E:3; L:33; P:3; PH:2; QNC:24,Parity:2; Pointer Chasing:4; Quantum Circuit Sampling:1; Simon/Bernstein-Vazirani:16,PH does not collapse:1; Random Oracle / Relativization:2
doi:10.4230/lipics.ccc.2020.12,1910.01251,"Search problems in algebraic complexity, GCT, and hardness of generator for invariant rings",2019,,algebraic-complexity; proof-complexity,ok,23,78815,BPP:3; EXP:1; NP:13; P:6; SL:6; VNP:20; VP:12,3SAT:4; Determinant:10; Graph Isomorphism:2; Matching:1; Matrix Multiplication:1; PIT:9; Permanent:11; Pigeonhole:1,Permanent vs Determinant:2
arxiv:1911.01973,1911.01973,On the Quantum Complexity of Closest Pair and Related Problems,2019,,fine-grained; quantum-complexity; query-complexity,ok,64,148141,AM:3; E:42; EXP:1; L:10; P:25,Collision/Element Distinctness:11; Edit Distance:1; Orthogonal Vectors:4; Parity:1; SAT:33; Search/Grover:15,ETH:6; SETH:16
doi:10.1145/3538391,1911.08297,Beyond Natural Proofs: Hardness Magnification and Locality,2022,,circuit-complexity; meta-complexity,ok,61,192144,AC0:55; ACC:3; ACC0:3; DEPTH:2; E:13; EXP:30; FORMULA:87; IP:1; NC:52; NC1:50; NE:2; NEXP:2; NP:120; NTIME:4; P:11; Ppoly:28; QP:22; SIZE:18; TC0:8; coNP:4,Clique:1; Error-Correcting Code:5; Independent Set:1; Kolmogorov Complexity:1; MCSP:162; MKTP:32; Majority:14; Parity:36; Vertex Cover:3,ETH:3; P != NP:1
arxiv:2002.08533,2002.08533,Algorithms and Lower Bounds for de Morgan Formulas of Low-Communication Leaf Gates,2020,,circuit-complexity; communication-complexity; derandomization; meta-complexity,ok,56,136531,AC0:9; ACC:1; ACC0:1; E:21; EXP:1; FORMULA:137; IP:10; L:21; NP:2; PSPACE:1,Counting Solutions:1; Inner Product:7; Kolmogorov Complexity:1; LCS:1; MCSP:7; MKTP:10; Majority:1; Matrix Multiplication:3; Parity:19; SAT:51; Search/Grover:1,
doi:10.1145/3568163,2011.01929,The Complexity of Gradient Descent: CLS = PPAD $\cap$ PLS,2020,,total-search,ok,47,263479,CLS:36; E:12; EOPL:8; FNP:7; FP:9; L:4; NC:2; NP:26; PLS:62; PPA:4; PPAD:9; PSPACE:2; SIZE:110; TFNP:32; UEOPL:7,Learning Parity with Noise:1; Matrix Multiplication:2; Nash Equilibrium:3; Parity:2; TSP:1,Cryptographic Assumptions:1; P != NP:3
doi:10.4230/lipics.ccc.2022.30,2011.04295,Interactive Oracle Proofs of Proximity to Algebraic Geometry Codes,2020,,interactive-proofs,ok,43,145995,FP:26; L:8; P:309; PCP:10,Error-Correcting Code:5,
arxiv:2101.08600,2101.08600,On Separation between the Degree of a Boolean Function and the Block Sensitivity,2021,,query-complexity,ok,17,40433,P:6,Sensitivity/Block Sensitivity:16,Sensitivity Conjecture:3
doi:10.1137/21m1435823,2103.03238,On the Complexity of Equilibrium Computation in First-Price Auctions,2021,,total-search,ok,35,221085,E:1; NP:4; P:3; PLS:4; PPAD:96; SIZE:7; SL:4; TFNP:1,CSP:1; Nash Equilibrium:12,
doi:10.1137/22m1513721,2111.09079,Dequantizing the Quantum Singular Value Transformation: Hardness and Applications to Quantum Chemistry and the Quantum PCP Conjecture,2021,,quantum-complexity,ok,22,99513,BQP:33; E:13; MA:14; NP:6; P:10; PCP:27; P^QMA:5; QCMA:8; QMA:60,Local Hamiltonian:34; Quantum Circuit Sampling:6,
arxiv:2201.00913,2201.00913,Proof complexity of CSP,2022,,descriptive-logic; proof-complexity,ok,50,193107,E:14; L:10; NP:7; P:105; W1:3; W2:2,CSP:96; Matrix Multiplication:1,
doi:10.46298/theoretics.24.3,2203.14379,Constructive Separations and Their Consequences,2022,,circuit-complexity; meta-complexity; query-complexity,ok,34,132437,AC0:76; BPP:134; E:36; EXP:76; E^NP:10; L:1; LOGSPACE:4; NC:26; NE:24; NEXP:39; NP:244; NTIME:3; P:183; PH:14; PP:36; PSPACE:55; RL:1; RP:12; SIZE:32; VNP:2; VP:2; ZPP:56; ZPP^NP:1; coNP:5,3SAT:30; Kolmogorov Complexity:4; MCSP:62; Majority:1; Parity:12; QBF/TQBF:1; SAT:29; Set Disjointness:19,
doi:10.1145/3796220,2207.07426,A tight quasi-polynomial bound for Global Label Min-Cut,2022,,fine-grained,ok,18,62102,E:4; EXP:1; NP:12; P:6,CSP:4; Clique:1; Max-Flow:1; SAT:7,ETH:12
doi:10.4230/lipics.icalp.2023.32,2207.10250,Improved Hardness Results for the Guided Local Hamiltonian Problem,2022,,quantum-complexity,ok,15,71051,BQP:88; E:25; L:1; NP:1; PCP:1; QCMA:2; QMA:19,Local Hamiltonian:41,
arxiv:2209.12877,2209.12877,On (Simple) Decision Tree Rank,2022,,query-complexity,ok,41,104552,DEPTH:114,Inner Product:1; Majority:21; Parity:46; Sensitivity/Block Sensitivity:1,Log-Rank Conjecture:2
doi:10.4086/toc.2024.v020a001,2211.01062,Polynomial Identity Testing via Evaluation of Rational Functions,2022,,algebraic-complexity; circuit-complexity; derandomization,ok,69,252173,BPP:3; NP:1; VBP:1,Determinant:37; Hitting Set:3; PIT:26,
arxiv:2211.12441,2211.12441,Lower Bound Techniques in the Comparison-Query Model and Inversion Minimization on Trees,2022,,query-complexity,ok,73,216214,E:30; L:45; NP:4; P:19; PSPACE:1,Majority:1; Matching:1; Parity:9; Sorting/Selection:2; TSP:1; Unique Games:1,Unique Games Conjecture:1
arxiv:2212.09285,2212.09285,Localizability of the approximation method,2022,,circuit-complexity; meta-complexity,ok,22,100289,AC0:14; EXP:2; NC:8; NC1:8; NP:2; Ppoly:8; QP:2,MCSP:7; Majority:13; Parity:3; SAT:2,
arxiv:2302.00541,2302.00541,Parameterized Complexity of Weighted Team Definability,2023,,descriptive-logic; parameterized,ok,23,61105,AC0:2; E:2; FPT:24; NP:22; P:91; PP:2; TC0:3; W1:4; W2:1; WP:3; Wt:109; XP:2; paraNP:1,Circuit Evaluation:1; Dominating Set:1; Independent Set:4; Model Checking:3; SAT:2,
doi:10.4230/lipics.itcs.2024.1,2302.10332,"A Qubit, a Coin, and an Advice String Walk Into a Relational Problem",2023,,circuit-complexity; interactive-proofs; meta-complexity; quantum-complexity,ok,21,87196,BPP:24; BQP:31; EXP:6; FBPP:215; FP:73; FP^PH:1; IP:14; NP:22; NPpoly:7; P:4; PH:13; PP:4; PSPACE:35; PostBQP:2; Ppoly:8; SampBPP:14; SampBQP:20; coNP:2,Equality:1; Kolmogorov Complexity:16; Matching:1; Permanent:3; QBF/TQBF:7; Quantum Circuit Sampling:4; Range Avoidance:1,Cryptographic Assumptions:2; P != NP:2; Random Oracle / Relativization:3
doi:10.1109/focs57990.2023.00028,2302.14066,Query-optimal estimation of unitary channels in diamond distance,2023,,query-complexity; space-complexity,ok,30,159349,E:112; L:29,Pigeonhole:2,
doi:10.1007/s00037-025-00273-8,2303.01952,Quantum state testing beyond the polarizing regime and quantum triangular discrimination,2023,,interactive-proofs,ok,50,144975,AM:1; BQP:24; E:88; NP:18; PP:58; QAM:1; QIP:24; QMA:12; QSZK:409; SZK:59; StoqMA:3; coAM:1,,
arxiv:2305.09538,2305.09538,A LOCAL View of the Polynomial Hierarchy,2023,,descriptive-logic; structural,ok,40,463403,PH:1; PiP:4; SigmaP:4,Hamiltonian Path/Cycle:22; Independent Set:3; Pigeonhole:2; SAT:7,PH does not collapse:4
doi:10.4230/lipics.itcs.2024.24,2306.04843,Classical Verification of Quantum Learning,2023,,interactive-proofs,ok,64,339183,BPP:2; BQP:2; E:112; P:118; QCMA:2; QMA:2,Learning Parity with Noise:14; Parity:76,
doi:10.1145/3778166,2309.12912,Symmetric Exponential Time Requires Near-Maximum Circuit Size,2026,,circuit-complexity; structural,ok,36,153206,BPP:16; E:5; EXP:6; FP:1; FS2P:5; MAEXP:4; NP:1; NPSV:2; P:1; PCP:1; S2E:8; S2P:2; SC:3; SIZE:4; Sigma2E:1; Wt:2; ZPE:2; ZPP:6,Error-Correcting Code:3; Hitting Set:1; Kolmogorov Complexity:1; MCSP:5; Majority:3; PIT:1; Pigeonhole:3; Range Avoidance:33; Rigid Matrix:3; SAT:1,Random Oracle / Relativization:3
doi:10.46298/dmtcs.15917,2309.15026,Instance complexity of Boolean functions,2023,,query-complexity,ok,19,46318,DEPTH:1,Index:2; Majority:7; Parity:7,
arxiv:2309.15654,2309.15654,The Complexity of Resilience Problems via Valued Constraint Satisfaction,2023,,descriptive-logic,ok,87,224849,BPP:3; EXP:1; FPT:2; NC:3; NP:53; PP:17,CSP:34; Hitting Set:1; Majority:1; Max-Cut:4; Max-Flow:1,P != NP:10
doi:10.1145/3618260.3649690,2309.16475,Circuit-to-Hamiltonian from tensor networks and fault tolerance,2023,,circuit-complexity; quantum-complexity,ok,44,199269,BQP:57; E:2; NEXP:3; NP:6; P:94; PCP:19; PostBQP:10; QIP:9; QMA:277; W1:20; sharpP:45,CSP:6; Error-Correcting Code:1; Local Hamiltonian:32; Majority:12; Parity:2; Partition Function:1; Quantum Circuit Sampling:1; Search/Grover:4,
doi:10.1137/1.9781611977912.54,2310.14160,Gap Amplification for Reconfiguration Problems,2023,,derandomization; hardness-of-approximation,ok,34,139961,E:74; NP:92; P:94; PCP:9; PSPACE:114; PTAS:1,3SAT:3; CSP:87; Dominating Set:11; Error-Correcting Code:1; Independent Set:4; Label Cover:4; SAT:3; Set Cover:43; Subset Sum:1; Vertex Cover:1; Vertex Expansion/SSE:1,
arxiv:2310.17762,2310.17762,"Symmetric Exponential Time Requires Near-Maximum Circuit Size: Simplified, Truly Uniform",2023,,circuit-complexity; derandomization,ok,30,45591,AC0:2; Delta3E:6; E:6; EXPH:1; FNP:3; FP:6; FP^NP:2; FS2P:52; FZPP:18; FZPP^NP:5; L:4; NP:73; NPSV:3; P:2; PH:1; Pi2E:9; Pi3E:3; S2E:34; S2P:12; SIZE:48; Sigma2E:18; Sigma2P:14; Sigma3E:3; ZPE:15; ZPE^NP:5; ZPP:6; ZPP^NP:2; prBPP:3; prP:3,Error-Correcting Code:3; Kolmogorov Complexity:1; Range Avoidance:6; Rigid Matrix:3,P != NP:1
doi:10.1145/3618260.3649665,2311.06999,Quantum and classical query complexities of functions of matrices,2023,,quantum-complexity; query-complexity,ok,57,145345,BQP:20; DQC1:1; E:3; L:2,Forrelation:13; Parity:12; Search/Grover:1; Simon/Bernstein-Vazirani:1,
doi:10.4230/lipics.itcs.2024.43,2311.17019,Homogeneous Algebraic Complexity Theory and Algebraic Formulas,2023,,algebraic-complexity,ok,18,108550,DEPTH:8; NC:48; NP:5; P:2; SIZE:8; VBP:35; VF:74; VNP:56; VP:25; VQP:35,Determinant:3; Matrix Multiplication:4; Parity:14; Permanent:7,P != NP:2; Permanent vs Determinant:4
doi:10.4230/lipics.ccc.2024.6,2401.01453,The Entangled Quantum Polynomial Hierarchy Collapses,2024,,quantum-complexity; structural,ok,30,91180,AM:3; BPP:3; BQP:8; CH:1; EXP:24; IP:3; L:5; MA:5; NEXP:9; NP:43; P:16; PH:208; PP:23; PPP:3; PSPACE:52; PiP:5; QCMA:26; QCPH:210; QIP:9; QMA:73; S2P:5; SigmaP:17; TFNP:2; coNP:9,QBF/TQBF:1; SAT:1,PH does not collapse:2
doi:10.4230/lipics.mfcs.2024.7,2401.01633,"Quantum Polynomial Hierarchies: Karp-Lipton, error reduction, and lower bounds",2024,,circuit-complexity; quantum-complexity; structural,ok,41,105095,BPP:2; BQP:18; EXP:4; NEXP:3; NP:2; P:1; PH:18; PSPACE:1; Pi2P:1; PiP:1; QCMA:3; QCPH:7; QMA:1; Sigma2P:3; SigmaP:2; ZPP:8,Matrix Multiplication:1; SAT:4; Simon/Bernstein-Vazirani:1,Random Oracle / Relativization:1
doi:10.4230/lipics.itcs.2025.63,2401.06725,Complexity Classification of Product State Problems for Local Hamiltonians,2024,,quantum-complexity,ok,29,129038,L:184; NP:197; P:36; QMA:42; StoqMA:14,CSP:6; Local Hamiltonian:12; MAX-SAT:3; Max-Cut:49; Pigeonhole:1; SAT:1; Unique Games:1,Unique Games Conjecture:1
doi:10.1145/3661814.3662072,2405.10774,Injective hardness condition for PCSPs,2024,,descriptive-logic; hardness-of-approximation,ok,51,138588,L:1; NP:31; PCP:6; WP:4,3SAT:1; CSP:36; Dominating Set:1; Graph Coloring:2; Label Cover:11; Majority:1,P != NP:2
arxiv:2409.07285,2409.07285,A Complexity Dichotomy for Temporal Valued Constraint Satisfaction Problems,2024,,descriptive-logic,ok,53,109297,NP:36,CSP:59,P != NP:2
doi:10.4230/lipics.ccc.2025.17,2410.23958,Space-bounded quantum interactive proof systems,2024,,interactive-proofs; quantum-complexity; space-complexity,ok,50,224857,ACC:25; AM:15; BPL:3; BQL:157; BQP:3; E:188; EXP:6; IP:27; L:188; LOGCFL:23; LOGSPACE:1; MIP:2; MIPstar:2; NC:61; NEXP:3; NL:12; NP:140; P:34; PH:1; PSPACE:18; QIP:328; QMA:9; QSZK:117; SAC1:2; W1:1,3SAT:25; Circuit Evaluation:2; Local Hamiltonian:1,
arxiv:2412.06395,2412.06395,Query Complexity with Unknowns,2024,,query-complexity,ok,26,55421,DEPTH:2,Index:11; Majority:3; Search/Grover:6; Sensitivity/Block Sensitivity:7,
doi:10.1145/3618260.3649616,2412.20114,"Functional Lower Bounds in Algebraic Proofs: Symmetry, Lifting, and Barriers",2024,,algebraic-complexity; circuit-complexity; proof-complexity,ok,71,217463,AC0:1; DEPTH:1; E:118; L:12; PSPACE:1; SIZE:8; VNP:2,Determinant:4; Knapsack:7; Pigeonhole:13; Subset Sum:18,
arxiv:2501.00831,2501.00831,Hazard-free Decision Trees,2025,,query-complexity,ok,47,129572,DEPTH:13; P:10; SIZE:42; XP:2,Majority:6; Parity:2; Pigeonhole:1; Sensitivity/Block Sensitivity:18,Sensitivity Conjecture:3
arxiv:2502.02012,2502.02012,The $\text{FP}^\text{NP}$ versus #P dichotomy for #EO,2025,,counting-complexity,ok,66,154642,Delta2P:1; FP:56; FP^FP^NP:1; FP^NP:23; FP^sharpP:1; NP:60; P:1; PH:4; SIZE:1; VF:1; sharpP:56,CSP:30; Matrix Multiplication:3; Partition Function:102; Pigeonhole:1,PH does not collapse:1
arxiv:2502.05325,2502.05325,From Counterfactuals to Trees: Competitive Analysis of Model Extraction Attacks,2025,,query-complexity,ok,7,106934,E:48; P:2,Majority:1,
arxiv:2502.05597,2502.05597,From an odd arity signature to a Holant dichotomy,2025,,counting-complexity,ok,68,132536,E:5; FP:57; FP^NP:27; NP:55; PH:1; sharpP:41,CSP:51; Majority:1; Matching:1; Matrix Multiplication:3; Partition Function:291,
arxiv:2502.06621,2502.06621,Three Fundamental Questions in Modern Infinite-Domain Constraint Satisfaction,2025,,descriptive-logic,ok,43,202758,E:6; E^L:1; FP:6; L:118; NP:19; RP:5,3SAT:1; CSP:233; Graph Coloring:1; Group Isomorphism:1; Model Checking:1,P != NP:2
arxiv:2502.07308,2502.07308,Explicit Codes approaching Generalized Singleton Bound using Expanders,2025,,derandomization,ok,52,155467,E:94,Error-Correcting Code:13; Parity:11,
arxiv:2502.15330,2502.15330,Streaming Maximal Matching with Bounded Deletions,2025,,space-complexity,ok,21,102748,E:2; L:1; P:7,CSP:1; Independent Set:1; Index:4; Pigeonhole:1; Vertex Cover:3,
arxiv:2502.17779,2502.17779,Simulating Time With Square-Root Space,2025,,space-complexity,ok,17,97510,ATIME:7; BPP:1; EXP:1; L:1; LOGSPACE:5; NL:2; NSPACE:2; NTIME:3; PSPACE:11; RP:1,Circuit Evaluation:1; Nisan-Wigderson:1; QBF/TQBF:3; Tree Evaluation:70,ETH:1; Random Oracle / Relativization:2; SETH:1
arxiv:2503.11131,2503.11131,PCP-free APX-Hardness of Nearest Codeword and Minimum Distance,2025,,derandomization,ok,13,29396,APX:2; EXP:1; NP:21; PCP:8,3SAT:2; Error-Correcting Code:3; SVP/CVP:5,ETH:1
arxiv:2503.12996,2503.12996,Semi-Streaming Algorithms for Graph Property Certification,2025,,space-complexity,ok,28,82390,AM:1; L:1; MA:6; NP:7; P:27,Clique:4; Graph Coloring:4; Independent Set:8; Matching:6; Set Disjointness:22; Vertex Cover:15,
arxiv:2503.13699,2503.13699,A classical proof of quantum knowledge for multi-prover interactive proof systems,2025,,derandomization; interactive-proofs; quantum-complexity,ok,19,93721,AM:1; E:10; QMA:4,Learning Parity with Noise:2; Local Hamiltonian:19; MAX-SAT:1,Cryptographic Assumptions:2
arxiv:2504.01354,2504.01354,Dichotomies for \#CSP on graphs that forbid a clique as a minor,2025,,counting-complexity,ok,81,132295,E:2; NC:1; NP:2; P:32; PP:18; P^NP:1; sharpP:92,CSP:110; Majority:1; Matching:5; Matrix Multiplication:1; Parity:13; Partition Function:94; SAT:1,
arxiv:2504.02115,2504.02115,Quantum algorithms through graph composition,2025,,query-complexity,ok,70,271949,DEPTH:5; E:42; EXP:1; L:11; P:448,Collision/Element Distinctness:1; Forrelation:1; Majority:8; Parity:6; Pigeonhole:1; SVP/CVP:1; Search/Grover:2; Simon/Bernstein-Vazirani:1,
arxiv:2504.08444,2504.08444,Collapsing Catalytic Classes,2025,,derandomization; space-complexity,ok,29,51215,ACC:40; E:8; L:1; SIZE:9,Determinant:1; Tree Evaluation:1,
arxiv:2504.09991,2504.09991,Bipartite Matching is in Catalytic Logspace,2025,,derandomization; space-complexity,ok,29,89318,E:2; L:5; P:12,Determinant:4; Matching:21; Max-Flow:7; Range Avoidance:1; Reachability/STCON:1; Tree Evaluation:3,
arxiv:2504.14074,2504.14074,Holant* Dichotomy on Domain Size 3: A Geometric Perspective,2025,,counting-complexity,ok,51,238383,E:295,CSP:10; Determinant:1; Equality:1; Matrix Multiplication:2; Orthogonal Vectors:5; Parity:4; Partition Function:249,
arxiv:2504.16820,2504.16820,Symmetric Proofs in the Ideal Proof System,2025,,descriptive-logic; proof-complexity,ok,39,129577,E:1; VNP:6; VP:2,Graph Isomorphism:10; Model Checking:1; PIT:2; Parity:2; Permanent:2; Pigeonhole:27; Subset Sum:12,
arxiv:2504.19054,2504.19054,Entrywise Approximation for Matrix Inversion and Linear Systems,2025,,algebraic-complexity; fine-grained,ok,55,249817,E:149; EXP:1; L:812; P:149; SC:12,APSP:27; Determinant:4; Majority:1; Matrix Multiplication:17,APSP Conjecture:3
arxiv:2504.19966,2504.19966,Quantum circuit lower bounds in the magic hierarchy,2025,,circuit-complexity; quantum-complexity,ok,82,193689,AC0:5; BPP:2; BQP:4; DEPTH:23; GapP:2; L:235; NC:2; NC1:2; NP:4; P:8; PCP:2; QAC0:27; QMA:4; QNC:139; TC0:46; XP:1,Error-Correcting Code:2; Local Hamiltonian:13; Parity:32,
arxiv:2506.07700,2506.07700,Refuting Perfect Matchings in Spectral Expanders is Hard,2025,,proof-complexity,ok,20,57775,E:2; NP:6; P:5; PH:1; coNP:2,Matching:16; Parity:1,P != NP:1
arxiv:2506.16956,2506.16956,The Proof Analysis Problem,2025,,proof-complexity,ok,70,285463,AM:51; DEPTH:5; EXP:1; FP:24; FZPP:6; L:57; NC:2; NP:129; P:55; SIZE:16; TFNP:8; VNC:2; coNP:16,Kolmogorov Complexity:5; MCSP:3; MKTP:1; Pigeonhole:56; SAT:96; Set Disjointness:17,Cryptographic Assumptions:5
doi:10.46298/lmcs-22(2:14)2026,2506.20221,On $NP \cap coNP$ proof complexity generators,2025,,proof-complexity,ok,5,25453,NP:34; P:7; PH:1; SigmaP:5; coNP:11,SAT:7,P != NP:1
arxiv:2507.08693,2507.08693,On the Constant-Factor Approximability of Minimum Cost Constraint Satisfaction Problems,2025,,descriptive-logic; hardness-of-approximation,ok,51,86410,NP:32,CSP:52; Graph Coloring:1; Majority:16; Unique Games:5; Vertex Cover:10,P != NP:11; Unique Games Conjecture:15
arxiv:2507.11080,2507.11080,FPT Parameterisations of Fractional and Generalised Hypertree Width,2025,,descriptive-logic; parameterized,ok,94,182710,FPT:40; W1:10; XP:1; paraNP:2,Clique:1; Graph Coloring:9; Independent Set:19; Pigeonhole:1; Set Cover:1,
arxiv:2507.12244,2507.12244,Which graph motif parameters count?,2025,,counting-complexity; structural,ok,51,171640,ACC:186; GapP:8; IP:10; P:99; PH:4; PLS:4; PPAD:4; SPP:4; TFNP:20; UP:4; coNP:4; sharpP:105,Determinant:1,PH does not collapse:1; Random Oracle / Relativization:2
arxiv:2508.00396,2508.00396,Proof complexity of Mal'tsev CSP,2025,,counting-complexity; proof-complexity,ok,41,122093,E:14; FP:1; L:23; NP:6; P:12,CSP:96; Majority:12,
arxiv:2508.13200,2508.13200,"An Intrinsic Barrier for Resolving P = NP (2-SAT as Flat, 3-SAT as High-Dimensional Void-Rich)",2025,,meta-complexity; structural,ok,77,219294,E:15; EXP:3; FP:1; L:1; NP:46; P:27; PH:6; sharpP:20,3SAT:126; Hamiltonian Path/Cycle:1; Kolmogorov Complexity:1; Local Hamiltonian:6; Parity:7; Pigeonhole:1; SAT:65; Search/Grover:1,P != NP:10
arxiv:2509.06928,2509.06928,On the Bit Size of Sum-of-Squares Proofs for Symmetric Formulations,2025,,proof-complexity,ok,25,94079,EXP:1; P:53,CSP:1; Knapsack:2,
arxiv:2510.01953,2510.01953,Formal Framework for Quantum Advantage,2025,,meta-complexity; quantum-complexity,ok,23,40047,BQP:13; EXP:1; L:57; NP:12; QCMA:3; QMA:1,Factoring/Discrete Log:1; Kolmogorov Complexity:16; Local Hamiltonian:1; SAT:23,ETH:1; SETH:1
arxiv:2510.04973,2510.04973,Quantum walks through generalized graph composition,2025,,query-complexity,ok,58,166907,E:65; L:6; P:41,Orthogonal Vectors:1,
arxiv:2510.17344,2510.17344,On Algorithmic Meta-Theorems for Solution Discovery: Tractability and Barriers,2025,,descriptive-logic; parameterized,ok,24,207528,L:11; XNLP:3,Clique:4; Dominating Set:2; Independent Set:3; Model Checking:6; Vertex Cover:2,
arxiv:2511.08050,2511.08050,Semi-Algebraic Proof Systems for QBF,2025,,proof-complexity,ok,28,112000,E:49; L:75; NC:1; NC1:1; PH:1; SIZE:16; TC0:3; TFNP:1,Majority:9; Parity:7; QBF/TQBF:80; SAT:3,
arxiv:2511.14657,2511.14657,Redundancy rules for MaxSAT,2025,,proof-complexity,ok,28,98283,E:11; IP:1; NP:1,MAX-SAT:87; Parity:1; Pigeonhole:13; SAT:14,
arxiv:2512.11820,2512.11820,Toward P vs NP: An Observer-Theoretic Separation via SPDP Rank and a ZFC-Equivalent Foundation within the N-Frame Model,2025,,meta-complexity; structural,ok,370,850649,ACC:1; DTIME:10; L:1; NC:13; NC0:3; NP:224; P:49; PSPACE:3; SIZE:1; VNP:1; VP:1; sharpP:3,3SAT:12; Determinant:1; Hitting Set:3; Independent Set:1; Majority:6; Matching:1; Parity:11; Permanent:19; QBF/TQBF:2; SAT:20; Set Disjointness:26,ETH:2; P != NP:69; Random Oracle / Relativization:9; SETH:1
arxiv:2601.05166,2601.05166,Inapproximability of Counting Permutation Patterns,2026,,counting-complexity; fine-grained; hardness-of-approximation; query-complexity,ok,4,41740,EXP:1; FPT:7; NP:3,3SAT:1; 3SUM:1,3SUM Conjecture:1; ETH:20
arxiv:2601.09702,2601.09702,Diagonalization Without Relativization A Closer Look at the Baker-Gill-Solovay Theorem,2026,,meta-complexity; structural,ok,0,37371,AC0:2; ACC:1; ACC0:1; BQP:2; EXP:14; IP:5; NEXP:2; NP:81; P:34; PSPACE:8,3SAT:7; Factoring/Discrete Log:1; Graph Isomorphism:1; Parity:2; SAT:7; Word Problem:1,
arxiv:2601.10197,2601.10197,On the average-case complexity of learning states from the circular and Gaussian ensembles,2026,,average-case,ok,22,86345,E:104,Parity:1,
arxiv:2601.16182,2601.16182,Dynamic Pattern Matching with Wildcards,2026,,fine-grained,ok,13,18322,,,
arxiv:2601.22393,2601.22393,Proof Complexity of Linear Logics,2026,,proof-complexity,ok,29,119783,L:86; NP:5; PSPACE:6; coNP:3,Pigeonhole:2,
arxiv:2602.00644,2602.00644,Hardness and Tractability of T_{h+1}-Free Edge Deletion,2026,,parameterized,ok,37,96008,FPT:10; IQP:8; NP:6; P:6,Hitting Set:5; Independent Set:4; Vertex Cover:11,
arxiv:2602.01042,2602.01042,"On Condensation of Block Sensitivity, Certificate Complexity and the $\mathsf{AND}$ (and $\mathsf{OR}$) Decision Tree Complexity",2026,,query-complexity,ok,17,36516,,Sensitivity/Block Sensitivity:30,
arxiv:2602.05186,2602.05186,Complexity of Sequence-to-Graph Alignment with Co-Linear Chaining,2026,,fine-grained,ok,7,41310,EXP:1; MA:1; NP:12; W1:1,Edit Distance:5; Hamiltonian Path/Cycle:1; Pigeonhole:1,ETH:3; SETH:7
arxiv:2602.06903,2602.06903,The First Known Problem That Is FPT with Respect to Node Scanwidth but Not Treewidth,2026,,parameterized,ok,9,60986,FPT:19; L:3; P:6; XP:4,Dominating Set:5,
doi:10.4230/lipics.ccc.2026.28,2602.08441,Plethysm is in #BQP,2026,,algebraic-complexity; quantum-complexity,ok,22,118949,ACC:3; BQP:34; EXP:1; FP:2; GapP:16; MA:1; NP:10; P:49; PP:2; QMA:27; QMA1:3; VNP:4; VP:4; coNP:2; sharpP:14,Determinant:3; Matrix Multiplication:1; Permanent:2,
arxiv:2602.09573,2602.09573,Higher Hardness Results for the Reconfiguration of Odd Matchings,2026,,structural,ok,12,68029,APX:6; NP:1; PH:1; PTAS:5; Pi2P:14; Sigma3P:12,Matching:21; Set Cover:15,P != NP:3
arxiv:2602.10096,2602.10096,The Complexity of Proper Equilibrium in Extensive-Form and Polytope Games,2026,,total-search,ok,30,88852,CLS:2; E:50; NP:4; P:4; PPAD:7; RL:2; sharpP:5,Knapsack:2; Nash Equilibrium:8,P != NP:1
arxiv:2602.10253,2602.10253,The Complexity of Bayesian Network Learning: Revisiting the Superstructure,2026,,parameterized,ok,26,151586,E:4; FPT:44; NP:63; P:1; XP:16; coNP:9,Clique:1; Independent Set:7; Majority:3; Model Checking:1; Subset Sum:6; Vertex Cover:18,
arxiv:2602.12668,2602.12668,Independence-Number Parameterized Space Complexity for Directed Connectivity Certificate,2026,,space-complexity,ok,76,166829,APX:8; E:9; EXP:1; NP:1; SC:4,Dominating Set:12; Edit Distance:1; Hamiltonian Path/Cycle:19; Independent Set:10; Max-Cut:1; Pigeonhole:1; Set Disjointness:27; Sorting/Selection:1; Vertex Cover:2,ETH:1; SETH:1
arxiv:2602.14320,2602.14320,Catalytic Tree Evaluation From Matching Vectors,2026,,space-complexity,ok,39,95743,L:4; NC:1; NC2:1; NL:6; P:3; TC1:1,Tree Evaluation:26,
doi:10.4230/lipics.ccc.2026.12,2602.14379,Fine-Grained Complexity for Quantum Problems from Size-Preserving Circuit-to-Hamiltonian Constructions,2026,,fine-grained; quantum-complexity,ok,31,116580,CLS:16; DQC1:4; E:23; EXP:1; L:32; NP:2; P:4; QMA:31; W1:2,3SAT:2; Edit Distance:1; Hamiltonian Path/Cycle:3; Local Hamiltonian:55; MAX-SAT:3; Orthogonal Vectors:1; Partition Function:27; SAT:33,ETH:6; SETH:45
arxiv:2602.16016,2602.16016,On the Complexity of Learning Nash Equilibria,2026,,total-search,ok,18,81360,CLS:40; EXP:1; FNP:1; NP:29; P:36; PLS:5; PPAD:98; RP:13; TFNP:4,Clique:1; Nash Equilibrium:86; QBF/TQBF:1,
arxiv:2602.16810,2602.16810,Separations above TFNP from Sherali-Adams Lower Bounds,2026,,proof-complexity; structural; total-search,ok,33,90489,AM:1; DEPTH:12; MA:1; PH:1; SIZE:4; Sigma2P:1; TFNP:1; coAM:1,Range Avoidance:1; Rigid Matrix:1,
arxiv:2602.18238,2602.18238,A Dichotomy Theorem for Automatic Structures,2026,,counting-complexity,ok,64,176841,AC0:1; L:2; NL:5; NP:6; coNP:1,3SAT:2; CSP:15; Model Checking:3,
arxiv:2602.18380,2602.18380,The Complexity of Sparse Win-Lose Bimatrix Games,2026,,total-search,ok,50,148108,NE:14; PPAD:43; PTAS:2,Nash Equilibrium:15,
arxiv:2603.09846,2603.09846,Almost-Optimal Upper and Lower Bounds for Clustering in Low Dimensional Euclidean Spaces,2026,,fine-grained,ok,24,94133,APX:1; E:18; EXP:1; FPT:2; NP:1; P:1; PTAS:1,3SAT:2; SAT:2; TSP:5; Vertex Cover:17,ETH:10; Rich Verifier / Gap-ETH:8
arxiv:2603.11270,2603.11270,On the PLS-Completeness of $k$-Opt Local Search for the Traveling Salesman Problem,2026,,total-search,ok,28,100970,EXP:1; NP:3; PLS:188,Hamiltonian Path/Cycle:3; Local Search:7; Max-Cut:26; Parity:64; SAT:1; Set Cover:1; TSP:38,
arxiv:2603.22211,2603.22211,Topological Collapse: P = NP Implies #P = FP via Solution-Space Homology,2026,,structural,ok,6,26040,EXP:1; FP:60; IP:3; MIP:2; MIPstar:1; NP:93; P:125; PH:42; PP:1; PSPACE:3; P^FP:1; sharpP:57,3SAT:15; Error-Correcting Code:1; SAT:1,P != NP:24; PH does not collapse:2; Random Oracle / Relativization:12
arxiv:2604.01041,2604.01041,Lower Bounds on Inverse Cellular Automata via Proof Complexity,2026,,proof-complexity,ok,43,115639,L:8; NP:6; P:1; coNP:4,Pigeonhole:6; SAT:11,P != NP:1
arxiv:2604.02606,2604.02606,Polynomial-Time Almost Log-Space Tree Evaluation by Catalytic Pebbling,2026,,space-complexity,gone,0,0,,,
arxiv:2604.05161,2604.05161,SMB algebras II: On the Constraint Satisfaction Problem over Semilattices of Mal'cev Blocks,2026,,counting-complexity,ok,79,178843,FP:1; NP:5; RP:5,CSP:141; Model Checking:2,
arxiv:2604.07278,2604.07278,Multiple Planted Structures Below $\sqrt{n}$: An SoS Integrality Gap and an SQ Lower Bound,2026,,average-case,ok,38,60203,E:115; P:23,Clique:1; Planted Clique:9,
arxiv:2604.16389,2604.16389,Complex Boolean Turing Machines: An Algebraic Semantic Framework for Computational Complexity,2026,,meta-complexity; structural,ok,9,32964,L:12; NP:23; P:14,,P != NP:3
arxiv:2604.19266,2604.19266,Automatic constraint satisfaction problem,2026,,counting-complexity; descriptive-logic,ok,61,116116,EXP:1; L:26; NP:41; P:4,3SAT:2; CSP:154; Graph Isomorphism:2; Majority:38; SAT:8,
arxiv:2604.21922,2604.21922,Characterizing Streaming Decidability of CSPs via Non-Redundancy,2026,,space-complexity,ok,10,80734,E:142; NP:4; coNP:2,CSP:111; Parity:3; SAT:28,
arxiv:2604.25321,2604.25321,"Fixed-parameter tractable inference for discrete probabilistic programs, via string diagram algebraisation",2026,,parameterized,ok,60,119702,ACC:19; E:10; FP:11; NP:2; PSPACE:2,Matrix Multiplication:5,
arxiv:2604.25585,2604.25585,New Parameterized and Exact Exponential Time Algorithms for Strongly Connected Steiner Subgraph,2026,,parameterized; structural,ok,33,70820,EXP:1; FPT:2; L:3; NP:6; P:1; PH:1; XP:1; coNP:6,Hamiltonian Path/Cycle:3; Independent Set:1; Matrix Multiplication:1; Parity:3; Set Cover:6; Vertex Cover:22,ETH:2; SETH:2
arxiv:2604.26972,2604.26972,How Hard Is Continuous Clustering? Lower Bounds from the Existential Theory of the Reals,2026,,structural,ok,11,38008,EXP:1; NP:37; PH:1; PSPACE:1,,
arxiv:2604.27142,2604.27142,New Diameter Approximations via Distance Oracle Techniques,2026,,derandomization; fine-grained,ok,29,82825,EXP:1; NL:1,APSP:11; Diameter:2; Hitting Set:22; Matrix Multiplication:3,ETH:3; SETH:5
arxiv:2604.27336,2604.27336,Strongly Refuting Random CSP without Literals,2026,,average-case,ok,124,284684,E:245; EXP:1; L:23; L^P:2; NP:2; P:5; SIZE:2; W1:1; W2:1,3SAT:1; CSP:151; Determinant:1; Graph Coloring:4; Majority:1; Max-Cut:2; Random k-SAT Refutation:3; SAT:2,
arxiv:2605.06262,2605.06262,Bilateral Treewidth for QBF: Where Strategies and Resolution Meet,2026,,parameterized,ok,24,139859,E:10; EXP:10; FPT:1; P:14; PSPACE:9,CSP:1; Parity:1; QBF/TQBF:49; SAT:6,ETH:1
arxiv:2605.08797,2605.08797,Tight Lower Bound for Approximating Parametrized Maximum Likelihood Decoding under ETH,2026,,derandomization; fine-grained,ok,35,65945,E:23; EXP:1; FPT:3; NP:1; P:2,CSP:3; Error-Correcting Code:1; Parity:2; SAT:15; SVP/CVP:4,ETH:46; Rich Verifier / Gap-ETH:1
arxiv:2605.09648,2605.09648,Understanding Robust Catalytic Computing,2026,,derandomization; space-complexity,ok,67,181637,ACC:127; BPP:2; BPTIME:2; E:81; L:86; P:112; PSPACE:1; RL:13; SIZE:14; ZPP:2,Majority:1; Matching:1; Nisan-Wigderson:2,
arxiv:2605.09814,2605.09814,Streaming Complexity Separations for Dense and Sparse Graphs,2026,,space-complexity,ok,50,137632,E:118; IP:1; L:36; NP:2; SIZE:6,CSP:28; Index:2; Matching:1; Max-Cut:70; Pigeonhole:1; Unique Games:1,
arxiv:2605.09872,2605.09872,Multi-Prover Interactive Proof Systems with Leakage,2026,,hardness-of-approximation; interactive-proofs,ok,36,69611,AM:20; IP:6; MIP:200; MIPstar:35; NEXP:44; NP:61; P:19; PCP:38; PSPACE:2,3SAT:6; CSP:13; Label Cover:12,
arxiv:2605.10010,2605.10010,Optimal Inapproximability of Generalized Linear Equations over a Finite Group,2026,,hardness-of-approximation,ok,40,102668,E:145; L:11; NP:49; P:11; PCP:3; SL:1,3SAT:3; CSP:34; Label Cover:39; MAX-SAT:3; Max-Cut:4; SAT:4; Unique Games:1,P != NP:7; Unique Games Conjecture:7
arxiv:2605.10056,2605.10056,Hardness Amplification for (Sparse) LPN,2026,,average-case,ok,40,80007,E:26; MA:2; NC:1; NC0:1,Error-Correcting Code:2; Learning Parity with Noise:182; Matrix Multiplication:1; Parity:4,Cryptographic Assumptions:1
arxiv:2605.10941,2605.10941,Average-Case Hardness of Binary-Encoded Clique in Proof and Communication Complexity,2026,,average-case; communication-complexity; proof-complexity,ok,41,114602,E:9; EXP:1; NP:6; P:1,Clique:2; Independent Set:1; Parity:6; Pigeonhole:3; SAT:1,ETH:2; P != NP:1
arxiv:2605.14007,2605.14007,Non-Redundancy of Low-Arity Symmetric Boolean CSPs,2026,,parameterized,ok,24,88878,E:3; NP:2; P:1,CSP:35; Graph Coloring:1; Max-Cut:1; Parity:1; SAT:6,
arxiv:2605.19055,2605.19055,Super-linear Lower Bounds for CSP Non-Redundancy via Shrinking Instances,2026,,parameterized,ok,27,89160,NP:1,CSP:83; Pigeonhole:1; Range Avoidance:1; SAT:11,
arxiv:2605.22758,2605.22758,A sharp interaction-degree threshold for simulating QAOA,2026,,structural,ok,14,35458,BPP:4; EXP:1; IQP:8; NP:4; P:9; PH:11; PP:29; PPP:3; PostBQP:20; RP:1; sharpP:1,3SAT:1; CSP:1; Majority:1; Max-Cut:1; Quantum Circuit Sampling:2; SAT:1,
arxiv:2605.23517,2605.23517,Probabilistically checkable proofs for the Existential Theory of the Reals,2026,,hardness-of-approximation; interactive-proofs,ok,29,108933,BPP:1; NP:22; P:17; PCP:11; PSPACE:3,3SAT:5; CSP:4; Error-Correcting Code:6; Graph Coloring:2; Independent Set:1; MAX-SAT:2; SAT:7,
arxiv:2605.25464,2605.25464,A Note on Approximability of Densest At-Least-k-Subgraph,2026,,hardness-of-approximation,ok,17,46088,EXP:1; FPT:30; NP:6; XP:2,3SAT:5; Clique:1; Planted Clique:6; Vertex Cover:2; Vertex Expansion/SSE:2,ETH:9; Rich Verifier / Gap-ETH:3
arxiv:2605.27098,2605.27098,"Improved Hardness Results for Nash Social Welfare, Budgeted Allocation and GAP via the Unique Games Conjecture",2026,,hardness-of-approximation,ok,21,85150,AM:1; APX:3; E:170; L:4; NP:17; PCP:1,CSP:7; Unique Games:20; Vertex Cover:2,P != NP:1; Unique Games Conjecture:16
arxiv:2606.00951,2606.00951,Hardness of Approximate Hylland-Zeckhauser Equilibria,2026,,total-search,ok,45,92126,PCP:16; PPAD:48,,
arxiv:2606.04257,2606.04257,Hardness as an Information Constraint: A Unifying Meta-Complexity Assumption,2026,,average-case; derandomization; meta-complexity,ok,50,156821,BPP:6; E:6; NEXP:8; NP:48; P:43; PH:71; PSPACE:15; Sigma2P:3; ZPP:2; coNP:2,Kolmogorov Complexity:18; MCSP:1; MKTP:11; Range Avoidance:1; SAT:13,One-Way Functions Exist:5; P != NP:5; PH does not collapse:3; Random Oracle / Relativization:6; SETH:39
arxiv:2606.05834,2606.05834,Towards Worst-case Hardness for Low-Noise LPN,2026,,average-case,ok,12,62485,EXP:1; Wt:13,Error-Correcting Code:5; Learning Parity with Noise:113; Parity:7,Cryptographic Assumptions:1
arxiv:2606.07205,2606.07205,Towards Tight Bounds for Streaming Attention,2026,,space-complexity,ok,56,192567,E:13; EXP:201; L:4; P:5; coNE:6,Index:6,SETH:1
arxiv:2606.07453,2606.07453,Odd Cycle Transversal in $P_k$-Free Graphs,2026,,hardness-of-approximation,ok,46,111617,NP:7; W1:10; W2:9,CSP:2; Independent Set:6; Unique Games:2; Vertex Cover:31,P != NP:1; Unique Games Conjecture:9
arxiv:2606.11283,2606.11283,Fixed-Parameter Tractability of Private Synthetic Data Generation,2026,,parameterized,ok,31,88879,E:4; FPT:22; NP:1; P:17; SIZE:25,CSP:1; Majority:2; Partition Function:7,
arxiv:2606.13367,2606.13367,"Extended Frege proofs, circuits and rewriting",2026,,proof-complexity,ok,5,21889,NL:1; NP:2; coNP:2,,
arxiv:2606.13576,2606.13576,Learning with Simulators: No Regret in a Computationally Bounded World,2026,,meta-complexity,ok,49,185290,E:440; P:19; UP:4,Kolmogorov Complexity:15; Majority:7; Partition Function:1,One-Way Functions Exist:1
arxiv:2606.16134,2606.16134,Revisiting average case complexity of multilevel syllogistic: From the 1995 Courant Technical Report to Lean 4 Formalization,2026,,average-case,ok,0,67466,EXP:6; FORMULA:1; FP:5; NEXP:6; NP:33; P:4,Clique:1; Learning Parity with Noise:1; Planted Clique:1; SAT:6,
arxiv:2606.18194,2606.18194,Ergodic Deviation-Robust Equilibrium under Mirror Descent Learning in Finite Games,2026,,total-search,ok,32,96055,E:5; NE:21; PPAD:25; sharpP:1,Independent Set:1; Nash Equilibrium:27; Parity:2,
arxiv:2606.21298,2606.21298,Setwise Distinguishable Permutations,2026,,derandomization; fine-grained; parameterized,ok,12,49920,NP:16; PH:1; coNP:7,Graph Coloring:7; Independent Set:4; Vertex Cover:2,
arxiv:2606.26162,2606.26162,Dissipative Quantum Multiplicative Weights with Sampling Feedback: A Classically Hard Primitive Realized via Engineered Open-System Dynamics,2026,,structural,ok,11,125426,E:6; L:24; P:9; PH:4,Local Hamiltonian:3,
arxiv:2606.27931,2606.27931,Provable Reductions in TFNP,2026,,proof-complexity; total-search,ok,62,144891,AC0:1; FP:3; L:64; L^L:5; NL:5; P:12; PCP:1; P^L:5; RL:4; SIZE:3; TFNP:7,QBF/TQBF:10; SAT:30,
arxiv:2607.10897,2607.10897,The Complexity of Computing Coarse Correlated Equilibria in Markov Games with a Single Controller,2026,,total-search,ok,25,133189,CLS:4; E:40; NE:23; PCP:21; PLS:4; PPAD:84; W1:33,Nash Equilibrium:1,
arxiv:2607.22088,2607.22088,Weak Permanent Anti-Concentration for Random Gaussian Matrices in Boson Sampling,2026,,average-case; quantum-complexity; structural,ok,24,70244,BPP:8; BPP^NP:4; E:34; IQP:1; NP:8; P:1; PH:1; W1:1; sharpP:12,Determinant:2; Permanent:30; Quantum Circuit Sampling:31,PH does not collapse:1
arxiv:2607.26028,2607.26028,A Spectral Proof of the Hypergraph Moore Bound,2026,,average-case,ok,17,56774,,CSP:2; Parity:6; Random k-SAT Refutation:1,
arxiv:2608.05613,2608.05613,Predictor-Impossibility Theorem and Applications,2026,,structural,ok,9,19332,IP:2; NP:30; P:17; PSPACE:2,QBF/TQBF:2,P != NP:2
arxiv:2608.06077,2608.06077,Optimal Time-Space Tradeoff for Dynamic Difference-Encoded Dictionaries,2026,,space-complexity,ok,31,195009,E:14; SIZE:1; W1:2,,
arxiv:cs/9907033,cs/9907033,Unambiguous Computation: Boolean Hierarchies and Sparse Turing-Complete Sets,1999,,parameterized; structural,ok,20,82257,BH:1; BPP:1; DeltaP:10; E:18; EXP:1; MA:4; NE:2; NP:71; NP^SigmaP:1; P:36; PH:10; PiP:6; SigmaP:54; UP:345; ZPP:2; coNP:10,,Random Oracle / Relativization:1
arxiv:cs/9907036,cs/9907036,Exact Analysis of Dodgson Elections: Lewis Carroll's 1876 Voting System is Complete for Parallel Access to NP,1999,,structural,ok,10,85298,NP:61; NP^NP:1; PH:6,Kolmogorov Complexity:1; Majority:9,PH does not collapse:1
arxiv:cs/9909020,cs/9909020,Query Order,1999,,structural,ok,11,77290,BH:1; MA:6; NP:70; NP^NP:1; P:1; PH:2; RP:1,,PH does not collapse:1
arxiv:cs/9910007,cs/9910007,A Downward Collapse within the Polynomial Hierarchy,1999,,structural,ok,14,58525,BH:1; BPP:2; FP:2; FP^NP:2; NP:38; PH:16; PSPACE:1; Sigma3P:1; SigmaP:16; coNP:4,,
arxiv:quant-ph/0311189,quant-ph/0311189,Lower bounds for randomized and quantum query complexity using Kolmogorov arguments,2003,,meta-complexity; quantum-complexity; query-complexity,ok,23,51872,APX:1; RL:20,Kolmogorov Complexity:12,
doi:10.4086/toc.2005.v001a001,quant-ph/0402095,Limitations of Quantum Advice and One-Way Communication,2004,,communication-complexity; quantum-complexity; space-complexity; structural,ok,18,99968,AWPP:2; BPP:2; BQP:66; E:2; EXP:4; NP:31; PP:49; PostBQP:3; Ppoly:5; QMA:2; SZK:4; coNP:3,Equality:2; Set Disjointness:4,Random Oracle / Relativization:3
doi:10.1007/s00037-006-0212-7,quant-ph/0501057,THE QUANTUM ADVERSARY METHOD AND CLASSICAL FORMULA SIZE LOWER BOUNDS,2006,,circuit-complexity; quantum-complexity; query-complexity,ok,38,83685,EXP:1; L:23; NP:2,Collision/Element Distinctness:7; Karchmer-Wigderson:1; Kolmogorov Complexity:7; Majority:28; Parity:1; Search/Grover:1; Sensitivity/Block Sensitivity:1,
arxiv:quant-ph/0610085,quant-ph/0610085,A lower bound on entanglement-assisted quantum communication complexity,2006,,communication-complexity; quantum-complexity,ok,2,32908,AM:1; E:5; IP:6,Inner Product:1; Majority:1; Set Disjointness:2,
arxiv:quant-ph/0611209,quant-ph/0611209,"Exponential separations for one-way quantum communication complexity, with applications to cryptography",2006,,communication-complexity; derandomization; quantum-complexity,ok,6,53637,E:13; L:1; L^P:1; NP:1; P:1,Matching:5; Parity:3,P != NP:1
